{"count":1,"self":9.5747568,"total":9.7778052999999989,"children":{"AgentSendState":{"count":251,"self":0.019996299999999998,"total":0.021997299999999997,"children":{"CollectObservations":{"count":3450,"self":0.0010000999999999999,"total":0.0010000999999999999,"children":null},"CollectDiscreteActionMasks":{"count":3450,"self":0.0010008999999999999,"total":0.0010008999999999999,"children":null}}},"DecideAction":{"count":251,"self":0.15434889999999998,"total":0.1790381,"children":{"RayPerceptionSensor.Perceive":{"count":3450,"self":0.024689199999999998,"total":0.024689199999999998,"children":null}}},"AgentAct":{"count":251,"self":0.0010127,"total":0.0010127,"children":null}},"gauges":{},"metadata":{"timer_format_version":"0.1.0","start_time_seconds":"1648047216","unity_version":"2020.3.25f1","command_line_arguments":"C:\\Program Files\\Unity\\Hub\\Editor\\2020.3.25f1\\Editor\\Unity.exe -projectpath D:\\GitHub Projects\\CS-Final-Project\\ML-Agents Sims -useHub -hubIPC -cloudEnvironment production -licensingIpc LicenseClient-adhir -hubSessionId b4fef3e0-aab6-11ec-9c90-f7c1d9934203","communication_protocol_version":"1.0.0","com.unity.ml-agents_version":"1.0.8","scene_name":"Main","end_time_seconds":"1648047226"}}